artist_name,album_name,track_name,track_uri,track_key,in_library
Zoe Clark,Not to be Dramatic,Not to be Dramatic,spotify:track:5DfMuKnKjSCBJDL3CbRAet,zoe clark - not to be dramatic,True
Rumi,KPop Demon Hunters,Free,spotify:track:5DxDLsW6PsLz5gkwC7Mk5S,rumi - free,True
yuji,Old Love,Old Love,spotify:track:3W4U7TEgILGpq0EmquurtH,yuji - old love,True
Khim,10s,10s,spotify:track:1UmjJwP1jpPWmDfR2Tebvn,khim - 10s,True
Wale,The Gifted,Bad (feat. Rihanna) - Remix,spotify:track:5yhKaacMZGRo4s6evJx9vk,wale - bad (feat. rihanna) - remix,True
5Star,Cmonnn (Hit It One Time),Cmonnn (Hit It One Time) (Pt. 2) (feat. Lay Bankz),spotify:track:04KXmuiwhHwhcOUPy8Jcuw,5star - cmonnn (hit it one time) (pt. 2) (feat. lay bankz),True
ENHYPEN,MANIFESTO : DAY 1,SHOUT OUT,spotify:track:5Z2DNRAhs6r4VdINVkRhYY,enhypen - shout out,True
Bruno Mars,Músicas de Inverno para Lojas e Cafés,Risk It All,spotify:track:3JYqIxm6NGX2vNVS78ORTe,bruno mars - risk it all,True
Megan Thee Stallion,MEGAN,Mamushi (feat. Yuki Chiba),spotify:track:5b3XJ1pjrHO5JtY2PcTjnI,megan thee stallion - mamushi (feat. yuki chiba),True
Fly Boi Keno,Kicking Flavors Kemix,Kicking Flavors Kemix,spotify:track:2lAfE8RIgRvEcaTJU1xv7O,fly boi keno - kicking flavors kemix,True
Justin Bieber,Journals,Confident,spotify:track:3JsydWaf2Ev4ehaLUjj3SY,justin bieber - confident,True
千葉雄喜,アニョハセヨ,アニョハセヨ - 4SHO Remix,spotify:track:7MQGL26kgIW5IDJ2iElJ35,千葉雄喜 - アニョハセヨ - 4sho remix,True
ROSÉ,rosie,toxic till the end,spotify:track:1z5ebC9238uGoBgzYyvGpQ,rosé - toxic till the end,True
Daniel Di Angelo,No Friendship,No Friendship,spotify:track:3BmVELHoqjF7s3px9rW6WN,daniel di angelo - no friendship,True
Bruno Mars,Doo-Wops & Hooligans,The Lazy Song,spotify:track:1885Drg56gPph60AxaFgaD,bruno mars - the lazy song,True
Ariana Grande,My Everything,Problem,spotify:track:7vS3Y0IKjde7Xg85LWIEdP,ariana grande - problem,True
StarBoi3,Dick (feat. Doja Cat),Dick (feat. Doja Cat),spotify:track:3nY8AqaMNNHHLYV4380ol0,starboi3 - dick (feat. doja cat),True
Ariana Grande,Dangerous Woman,Into You,spotify:track:76FZM38RC8XaAjJ77CVTNe,ariana grande - into you,True
James Arthur,Back from the Edge,Can I Be Him,spotify:track:0VhgEqMTNZwYL1ARDLLNCX,james arthur - can i be him,True
Flavour,Uplifted,Ashawo - Remix,spotify:track:32PR34BBmnCpkQfShgcbGQ,flavour - ashawo - remix,True
Bruno Mars,The Romantic,God Was Showing Off,spotify:track:1sVBT215CDmVJvfy1E2OCU,bruno mars - god was showing off,True
Diamond Platnumz,Natulizana,Natulizana,spotify:track:5JVCPxHDsOBbTn9lw0yhP1,diamond platnumz - natulizana,True
Lay Bankz,Tell Ur Girlfriend,Tell Ur Girlfriend,spotify:track:3lMzT16MjAKKXF7pSZn13B,lay bankz - tell ur girlfriend,True
Calvin Harris,Funk Wav Bounces Vol.1,"Feels (feat. Pharrell Williams, Katy Perry & Big Sean)",spotify:track:5bcTCxgc7xVfSaMV3RuVke,"calvin harris - feels (feat. pharrell williams, katy perry & big sean)",True
Ariana Grande,My Everything,One Last Time,spotify:track:7xoUc6faLbCqZO6fQEYprd,ariana grande - one last time,True
DJ Khaled,Grateful,Wild Thoughts (feat. Rihanna & Bryson Tiller),spotify:track:1OAh8uOEOvTDqkKFsKksCi,dj khaled - wild thoughts (feat. rihanna & bryson tiller),True
Ariana Grande,Positions,safety net (feat. Ty Dolla $ign),spotify:track:14gkWVFMwdxBMyqBw1wmIg,ariana grande - safety net (feat. ty dolla $ign),True
Naïka,TRANSITIONS EP,bb.,spotify:track:2ekwTudJEBmmscSwfCha2K,naïka - bb.,True
So Supa,Supa vs Sligga,Don’t hide,spotify:track:6yJIO8264hq1hCbBLU0C0X,so supa - don’t hide,True
Chege,Runtown,Waache Waoane,spotify:track:2W3K5I6IwIpPmq1Rk6vcjS,chege - waache waoane,True
Ariana Grande,Play Christmas Music,Santa Tell Me,spotify:track:0Tq23DcxKDVRojIU8Nq1r8,ariana grande - santa tell me,True
Ne-Yo,In My Own Words,So Sick,spotify:track:6brl7bwOHmGFkNw3MBqssT,ne-yo - so sick,True
No Guidnce,Around Me,Around Me,spotify:track:1YEVx89VQ53Lj96DuDs6Et,no guidnce - around me,True
Rayvanny,Unaibiwa,Unaibiwa,spotify:track:3al8Casek52jogF3dkwmQR,rayvanny - unaibiwa,True
Masego,Lady Lady,Tadow,spotify:track:6FMMd1fixOMmhplCevpjL7,masego - tadow,True
Sabrina Carpenter,Short n' Sweet,Taste,spotify:track:1d7Ptw3qYcfpdLNL5REhtJ,sabrina carpenter - taste,True
Miguel,All I Want Is You,Sure Thing,spotify:track:0JXXNGljqupsJaZsgSbMZV,miguel - sure thing,True
Lights,Skin & Earth,We Were Here - Chase Atlantic Remix,spotify:track:2UrPQWLZva5igNLHD0YMV9,lights - we were here - chase atlantic remix,True
Yung Filly,Grey,Grey,spotify:track:4Fuf1v4kPQ6RIvEGlUfvaq,yung filly - grey,True
Rayvanny,Chuchumaa,Chuchumaa,spotify:track:16lNipaSTZMiLIkIBYFU9D,rayvanny - chuchumaa,True
MAX,STUPID IN LOVE (feat. HUH YUNJIN of LE SSERAFIM),STUPID IN LOVE (feat. HUH YUNJIN of LE SSERAFIM),spotify:track:60JZB9waHUPWJTGbYO6kDB,max - stupid in love (feat. huh yunjin of le sserafim),True
PinkPantheress,Fancy Some More?,Stateside + Zara Larsson,spotify:track:1DwscornXpj8fmOmYVlqZt,pinkpantheress - stateside + zara larsson,True
Bruno Mars,Canciones para escuchar a las 3:00 AM,Risk It All,spotify:track:5Told0PzDeSU8ebqqWcheA,bruno mars - risk it all,True
PARTYNEXTDOOR,PARTYNEXTDOOR 4 (P4),M a k e I t T o T h e M o r n i n g,spotify:track:12VH4g5pTMZmrUVzfJq7F7,partynextdoor - m a k e i t t o t h e m o r n i n g,True
Summer Walker,Last Day Of Summer,Girls Need Love,spotify:track:644rGY6maSElnKVsAg1gJj,summer walker - girls need love,True
Diamond Platnumz,Kesho,Kesho,spotify:track:6cjaSaYwUsQfKKJ1y61bUr,diamond platnumz - kesho,True
Chase Atlantic,Tidal Wave,Tidal Wave,spotify:track:5UFjlIK589UVrEUEVbkw1X,chase atlantic - tidal wave,True
Ariana Grande,eternal sunshine,bye,spotify:track:1Rweq7vNjK4kZBbGrmxQsl,ariana grande - bye,True
kwn,with all due respect,back of the club,spotify:track:6svat6LhQXRAnALB7CkUg5,kwn - back of the club,True
FLO,Walk Like This,Walk Like This,spotify:track:0IGjUHYbwnK6Bo8u79d2E3,flo - walk like this,True
Devkota,FIGURED YOU OUT,FIGURED YOU OUT,spotify:track:3WQBER5AAfw8sMrQczAw95,devkota - figured you out,True
Faouzia,"RIP, Love","RIP, Love",spotify:track:3sYZo4HrHX8tkul5FhUpVo,"faouzia - rip, love",True
Waka Flocka Flame,Flockaveli,No Hands (feat. Roscoe Dash & Wale),spotify:track:03tqyYWC9Um2ZqU0ZN849H,waka flocka flame - no hands (feat. roscoe dash & wale),True
Kevv,Fall Back,Fall Back,spotify:track:6eTKBDhr8D7rM5AugLOu44,kevv - fall back,True
Chase Atlantic,Chase Atlantic,Ozone,spotify:track:3vd0wM0US4JSCKJi5Q8Bd6,chase atlantic - ozone,True
Doja Cat,Planet Her,Been Like This,spotify:track:3DyKJT2ADGzZQBhtSy19VY,doja cat - been like this,True
Diamond Platnumz,A Boy From Tandale,Eneka,spotify:track:7KAQUO5w5445zfobvxjvWH,diamond platnumz - eneka,True
Charlie Puth,CHARLIE,Light Switch,spotify:track:1jEBSDN5vYViJQr78W7jr2,charlie puth - light switch,True
SWIM,Alive,Alive,spotify:track:4EPyMb4VLLdaN8JA5Eg3Ys,swim - alive,True
Rihanna,ANTI,Kiss It Better,spotify:track:0UHB9METy4VCXNgkcGqHqS,rihanna - kiss it better,True
Bruno Mars,An Evening With Silk Sonic,Leave The Door Open,spotify:track:02VBYrHfVwfEWXk5DXyf0T,bruno mars - leave the door open,True
Mbosso,Tamu,Tamu,spotify:track:2TFU7tz0jiktMF8vITgkqH,mbosso - tamu,True
Ariana Grande,Positions,safety net (feat. Ty Dolla $ign),spotify:track:6IHDsLAPM17ZS5uIe3P3He,ariana grande - safety net (feat. ty dolla $ign),True
Ywaya Tajiri,Chai ya saa kumi,Chai ya saa kumi,spotify:track:1gQsbe5nVBPmfj5Y1d1kec,ywaya tajiri - chai ya saa kumi,True
Taylor Swift,Midnights,Midnight Rain,spotify:track:1DAHLigfUqSLrU3RLG1EKR,taylor swift - midnight rain,True
Selena Gomez,Revival,Good For You,spotify:track:5xdVqHtFS0eLuNp4Z8Wbpa,selena gomez - good for you,True
Tommy Richman,MILLION DOLLAR BABY,MILLION DOLLAR BABY,spotify:track:7fzHQizxTqy8wTXwlrgPQQ,tommy richman - million dollar baby,True
Kay.nyne,Slow Whine,Slow Whine,spotify:track:7k3JPiCiwyu9PfC9ZCFVqX,kay.nyne - slow whine,True
CORTIS,COLOR OUTSIDE THE LINES,GO!,spotify:track:6OWWZtNQORY1McaZmOrwhc,cortis - go!,True
Njerae,Aki Sioni,Aki Sioni,spotify:track:4OQFHjQA3gzS3LiGjSALmT,njerae - aki sioni,True
Chase Atlantic,PHASES,HEAVEN AND BACK,spotify:track:1JdQibdvxgcrB8Rv1KFndw,chase atlantic - heaven and back,True
Jung Kook,GOLDEN,Please Don't Change (feat. DJ Snake),spotify:track:0k0GtcnyQLMiXrdEDbLXmJ,jung kook - please don't change (feat. dj snake),True
Zeina,Times Two,Times Two,spotify:track:210XcfUCIcPM2NojtekQD0,zeina - times two,True
Meghan Trainor,TREAT MYSELF,Nice to Meet Ya (feat. Nicki Minaj),spotify:track:5HqRQwSAPAgJBQ3bhtpUTg,meghan trainor - nice to meet ya (feat. nicki minaj),True
Justin Bieber,Believe,Boyfriend,spotify:track:3UGIZ8qcrMTwzLbx6Kttqt,justin bieber - boyfriend,True
Dato Seiko,The Vow,The Vow,spotify:track:6VGpmo3SDHxuNi4dbk95UP,dato seiko - the vow,True
Retronaut,Talk,Talk,spotify:track:3zOgfB6xNtU0vaV38kthWk,retronaut - talk,True
Diamond Platnumz,Kuna,Kuna,spotify:track:6G5WMkPJ9gGWGx6JQ9YrqS,diamond platnumz - kuna,True
Chase Atlantic,Chase Atlantic,Drugs & Money - New Mix,spotify:track:4SRyrhBJ5mq8fEa3bsdZn6,chase atlantic - drugs & money - new mix,True
Bruno Mars,The Romantic,Risk It All,spotify:track:5y2ijHECwFYWqcAHKTZgzD,bruno mars - risk it all,True
Jimin,Who (Remixes),Who,spotify:track:1yqdD2ScjkqvaNBUzPQ4vR,jimin - who,True
lordkez,Aweh [Remix] (feat. Cassper Nyovest),Aweh [Remix] (feat. Cassper Nyovest),spotify:track:7sR4V3QuvyZS8jLzbhUpM2,lordkez - aweh [remix] (feat. cassper nyovest),True
Coldplay,My Universe,My Universe,spotify:track:3FeVmId7tL5YN8B7R3imoM,coldplay - my universe,True
sombr,Homewrecker,Homewrecker,spotify:track:7tICCrK3CcyRFKza7yrR0z,sombr - homewrecker,True
Nviiri The Storyteller,Nikita,Nikita,spotify:track:5nVXSESFl3YYaphfRDgAyk,nviiri the storyteller - nikita,True
Dadju,HÉRITAGE,I love you,spotify:track:6jDe94y1dbLDU53Q1NPxLH,dadju - i love you,True
Sage The Gemini,Remember Me,Gas Pedal,spotify:track:1UMKquW1olreYO1LlLmTqi,sage the gemini - gas pedal,True
Justin Bieber,Justice,Peaches (feat. Daniel Caesar & Giveon),spotify:track:4iJyoBOLtHqaGxP12qzhQI,justin bieber - peaches (feat. daniel caesar & giveon),True
Sam Smith,Unholy (feat. Kim Petras),Unholy (feat. Kim Petras),spotify:track:3nqQXoyQOWXiESFLlDF1hG,sam smith - unholy (feat. kim petras),True
Chase Atlantic,Paradise - EP,Moonlight,spotify:track:0laLzrH5PsoA7HpGw2vCVh,chase atlantic - moonlight,True
Sabrina Carpenter,Espresso,Espresso,spotify:track:2qSkIjg1o9h3YT9RAgYN75,sabrina carpenter - espresso,True
NLE Choppa,SLUT ME OUT,SLUT ME OUT,spotify:track:5BmB3OaQyYXCqRyN8iR2Yi,nle choppa - slut me out,True
Keyshia Cole,The Way It Is,Love,spotify:track:0W4NhJhcqKCqEP2GIpDCDq,keyshia cole - love,True
Tyla,TYLA +,PUSH 2 START,spotify:track:1Cbl3Yq8rHo7hhDQmLQagU,tyla - push 2 start,True
Ronis Goliath,Tell Me One Lie,Tell Me One Lie,spotify:track:3rTraAvbNgqdb6BLU3tCcC,ronis goliath - tell me one lie,True
Tobii,Hotel Lobby,Hotel Lobby,spotify:track:5ZwO6yhqNgne3juzRbHgDB,tobii - hotel lobby,True
Daniel Di Angelo,Talk Dirty,Talk Dirty,spotify:track:5H7RczSSEEt5u058DJjgdw,daniel di angelo - talk dirty,True
PARTYNEXTDOOR,Dreamin,Dreamin,spotify:track:35sZOqVnTQNIGWGURrFdLh,partynextdoor - dreamin,True
Kiana Ledé,Wicked Games,Wicked Games - Sped Up,spotify:track:2gD25C4hWZoQeGNlfqCAK2,kiana ledé - wicked games - sped up,True
Lloyd,Street Love,You,spotify:track:5Y77SQxEr1eiofPeUTPHxM,lloyd - you,True
Ariana Grande,Sweetener,everytime,spotify:track:0WdR2AyLW1Drd3OUdwezM0,ariana grande - everytime,True
Mario,Let Me Love You,Let Me Love You,spotify:track:3ibKnFDaa3GhpPGlOUj7ff,mario - let me love you,True
Vedo,For You,You Got It,spotify:track:4lsHZ92XCFOQfzJFBTluk8,vedo - you got it,True
5 Seconds of Summer,Youngblood,Youngblood,spotify:track:2iUXsYOEPhVqEBwsqP70rE,5 seconds of summer - youngblood,True
JUNNY,INVITATION (Feat. Gaeko),INVITATION (Feat. Gaeko),spotify:track:3ISOK4T54v6O1g1AB8FiEK,junny - invitation (feat. gaeko),True
BTS,MAP OF THE SOUL : 7,00:00 (Zero O’Clock),spotify:track:6fqaMyg066xlukvUJWdM2T,bts - 00:00 (zero o’clock),True
BTS,MAP OF THE SOUL : PERSONA,Make It Right,spotify:track:3LSjYk6sFQaLi0MjtWcm8P,bts - make it right,True
Erika Lundmoen,Источник,Яд,spotify:track:59vIllaE2ottAAAtAiAuLt,erika lundmoen - яд,True
Santana,Supernatural (Legacy Edition),Maria Maria (feat. The Product G&B),spotify:track:567UAkWoLBqZ709s3Qcbze,santana - maria maria (feat. the product g&b),True
Joé Dwèt Filé,4 Kampé II,4 Kampé II,spotify:track:2fhVsI54lSCFyW7sw5WPfR,joé dwèt filé - 4 kampé ii,True
Chase Atlantic,LOST IN HEAVEN (HIGH AS HELL),VICTORY LAP [Feat. DE’WAYNE],spotify:track:49FiuZQvjQTBRyOTChBXFK,chase atlantic - victory lap [feat. de’wayne],True
Tory Lanez,Chixtape 5,The Take (feat. Chris Brown),spotify:track:0Odu228D0yGcFySGuxU4rY,tory lanez - the take (feat. chris brown),True
Omar Rudberg,Mi Casa Su Casa,Mi Casa Su Casa,spotify:track:6Aa1s7FoLXG1TdaGYvoRDs,omar rudberg - mi casa su casa,True
SZA,SOS,Nobody Gets Me,spotify:track:5Y35SjAfXjjG0sFQ3KOxmm,sza - nobody gets me,True
Alec Benjamin,Narrated For You,If We Have Each Other,spotify:track:7pT6WSg4PCt4mr5ZFyUfsF,alec benjamin - if we have each other,True
JENNIE,Ruby,ExtraL (feat. Doechii),spotify:track:4EIFwndJvGpgFjsEbNuYif,jennie - extral (feat. doechii),True
Ella Bright,Off Campus: The Mixtape,Baby Now That I Found You,spotify:track:3pnVh7sYDBQ9D2tkKAWnhs,ella bright - baby now that i found you,True
Carl Storm,Learning from mistakes,With You in the Morning,spotify:track:5aWDkpkRc8zGZs8f41BXhH,carl storm - with you in the morning,True
Ayzha Nyree,No Guidance,No Guidance,spotify:track:27YDNS5SXjXQpGir8g0ilW,ayzha nyree - no guidance,True
RELIST LAB,August,August,spotify:track:264NmLvnhOs6zti1jP9R7D,relist lab - august,True
SWIM,Liability,Liability,spotify:track:0G9mO6C83cN5IS8kWiHBjx,swim - liability,True
Mariah Carey,Memoirs of an imperfect Angel,Obsessed,spotify:track:5EGPf0nqO7vEIwsOX6Er98,mariah carey - obsessed,True
Rayvanny,Kwetu,Kwetu,spotify:track:3N9xnR2PEgz4PtXjyPdLQc,rayvanny - kwetu,True
Keenan Te,Constellations,Constellations - sped up,spotify:track:3S27ox2PUgPEEZUvnnQFXp,keenan te - constellations - sped up,True
Yung Miami,Spend Dat,Spend Dat,spotify:track:0LWIiBYFmOnkqysugp0VKo,yung miami - spend dat,True
B.o.B,May 25th,Nothing on You,spotify:track:2A5YAFeEwGi7KlGMYRf5dX,b.o.b - nothing on you,True
50 Cent,Before I Self-Destruct,Baby By Me,spotify:track:1x075F39Q0zOhjPzPKgG8E,50 cent - baby by me,True
Naïka,1+1,1+1,spotify:track:3WID8m6M9eEQ1w1k486vMc,naïka - 1+1,True
J.Tajor,Like I Do,Like I Do,spotify:track:1TiZWEsxN85yLJBq56K8mG,j.tajor - like i do,True
TAEYANG,RISE,"눈,코,입 (Eyes, Nose, Lips)",spotify:track:0lYtIvI7bO51PZSeK22Mbz,"taeyang - 눈,코,입 (eyes, nose, lips)",True
Trinidad Cardona,Love Me Back (Fayahh Beat),Love Me Back (Fayahh Beat),spotify:track:5ZF6l3xKi3m6YK2dDXAsR5,trinidad cardona - love me back (fayahh beat),True
Maisak,SE ME OLVIDA,SE ME OLVIDA,spotify:track:2gmd7lY3QSzLh0xIY4cRvi,maisak - se me olvida,True
Justin Bieber,Justice,Peaches (feat. Daniel Caesar & Giveon),spotify:track:3wKpoOfaQaxdnalXMqSPpO,justin bieber - peaches (feat. daniel caesar & giveon),True
Daniel Di Angelo,LOYALTY,LOYALTY,spotify:track:2i5Tv2YmhhSyyKsnT5zjHR,daniel di angelo - loyalty,True
Limi,Dangerous,Dangerous,spotify:track:4l4KExqbo5UOT2huLAjMDE,limi - dangerous,True
Kaash Paige,lofi love,Love Songs,spotify:track:0tziUvXJBqjdmV8gWxOjfV,kaash paige - love songs,True
Justine Skye,Dark Side,Collide (Sped Up Remix),spotify:track:2p6Fh5ruk8YUaO43huubHW,justine skye - collide (sped up remix),True
Naïka,ECLESIA,WELCOME TO ECLESIA,spotify:track:6NKOWPALQMpRLkh8891F0C,naïka - welcome to eclesia,True
Franglish,MOOD3 (Glish),Trop parler,spotify:track:3S1BOUUpxzHoSddKKsrg5z,franglish - trop parler,True
Amelia Moore,next door (feat. ASTN),next door (feat. ASTN),spotify:track:08HGey7e94Ez3ZurG1IXTP,amelia moore - next door (feat. astn),True
Sisqo,Unleash The Dragon,Thong Song,spotify:track:5Mmk2ii6laakqfeCT7OnVD,sisqo - thong song,True
NIKI,You'll Be In My Heart,You'll Be in My Heart,spotify:track:1UPB5rYJ0bzn6mNSoAHrZC,niki - you'll be in my heart,True
Qing Madi,Qing Madi,American Love,spotify:track:5c1rWQAa8GX8LgCC9h3d1N,qing madi - american love,True
Sauti Sol,Kenya Awake Vol 1,Sura Yako,spotify:track:3p6qboOOnpvMHzKu1PTBCC,sauti sol - sura yako,True
Max Allais,When The Party Ends,When The Party Ends,spotify:track:0N254dOqqdCm5hviUV2kR9,max allais - when the party ends,True
NIKI,lowkey,lowkey,spotify:track:7ipqVwkp2MhZv0Ojzqy1NV,niki - lowkey,True
Jessie J,Price Tag,Price Tag - Sped Up,spotify:track:7wBOjV4TIq2YzPFDc3mFmA,jessie j - price tag - sped up,True
BTS,BE,Life Goes On,spotify:track:5FVbvttjEvQ8r2BgUcJgNg,bts - life goes on,True
Shawn Mendes,Handwritten,I Know What You Did Last Summer,spotify:track:2GyA33q5rti5IxkMQemRDH,shawn mendes - i know what you did last summer,True
H.E.R.,H.E.R. Volume 2,Avenue,spotify:track:3qSH4NSYYOMkFTGwvGA91x,h.e.r. - avenue,True
Ya Levis,El mayalove,Mbangu te,spotify:track:6nB2jTxdEasmji0SqlU77Q,ya levis - mbangu te,True
Troye Sivan,Angel Baby,Angel Baby,spotify:track:2m6Ko3CY1qXNNja8AlugNc,troye sivan - angel baby,True
Meghan Trainor,Title,Like I'm Gonna Lose You (feat. John Legend),spotify:track:7MjKAV0mFiEID9WhDSSzaW,meghan trainor - like i'm gonna lose you (feat. john legend),True
ជុំ លីណូ,ស្រលាញ់បានទេ?,ស្រលាញ់បានទេ?,spotify:track:6LnnAOa5LJboTNO4gAlGl2,ជុំ លីណូ - ស្រលាញ់បានទេ?,True
FloyyMenor,Gata Only,Gata Only,spotify:track:6XjDF6nds4DE2BBbagZol6,floyymenor - gata only,True
Jonathan,Never Be the Same,Never Be the Same,spotify:track:1qRljuO7LLI5EyGmkZipaW,jonathan - never be the same,True
Harmonize,Aiyola,Aiyola,spotify:track:37lVdqmlVz0vAqpaohCsXl,harmonize - aiyola,True
Summer Walker,Last Day Of Summer,Karma,spotify:track:2Fyjjpg03fn7n5cj0Qm380,summer walker - karma,True
Ruby,Na Yule,Na Yule,spotify:track:3yXTg2aoTSA2IFo0XfEz8o,ruby - na yule,True
Dully Sykes,Kadamshi,Kadamshi,spotify:track:11tX48gchxa2DHEq2KVqlr,dully sykes - kadamshi,True
X.O,M.O.T.O,M.O.T.O,spotify:track:13RrmTzCsknCAV7jb1hPnx,x.o - m.o.t.o,True
Dxvn.,Curse,Curse,spotify:track:5ZfZIEPawrZUWdsswd9Mxc,dxvn. - curse,True
Kehlani,You Should Be Here,The Way (feat. Chance the Rapper),spotify:track:6mzaCRuLTRiz1caGOum3zT,kehlani - the way (feat. chance the rapper),True
New Edition,New Edition,Mr. Telephone Man,spotify:track:4DiNls6kFmF1ZittKsPsTc,new edition - mr. telephone man,True
HUNTR/X,KPop Demon Hunters,How It’s Done,spotify:track:3RXUgPNIbUgFxsDWuBQEt6,huntr/x - how it’s done,True
Chase Atlantic,BEAUTY IN DEATH,OHMAMI,spotify:track:0HqxMCPnThJ3An1QIeIzJF,chase atlantic - ohmami,True
Justin Bieber,SWAG,DAISIES,spotify:track:5BZsQlgw21vDOAjoqkNgKb,justin bieber - daisies,True
The Weeknd,"My Dear Melancholy,",I Was Never There,spotify:track:1cKHdTo9u0ZymJdPGSh6nq,the weeknd - i was never there,True
Kuppraae,Beneath the Same Sky,Beneath the Same Sky,spotify:track:3XGXxqhqotXJJ3yH6KDxq8,kuppraae - beneath the same sky,True
Isko,так не спокойна,так не спокойна,spotify:track:22X6xLOk4dqG1eD5tmsLrQ,isko - так не спокойна,True
Naïka,6:45,6:45,spotify:track:6LH1KKXEw1K8UEKMK75qyz,naïka - 6:45,True
Zedd,The Middle,The Middle,spotify:track:09IStsImFySgyp0pIQdqAc,zedd - the middle,True
PENOMECO,Organic,BOLO (feat. YDG),spotify:track:77ILSQGJhqDVOfeWdtEexk,penomeco - bolo (feat. ydg),True
Lady Gaga,Die With A Smile,Die With A Smile,spotify:track:2plbrEY59IikOBgBGLjaoe,lady gaga - die with a smile,True
Chris Brown,Fan of A Fan The Album (Expanded Edition),Girl You Loud,spotify:track:6dRVOzSxLqRdqUjc9mctGg,chris brown - girl you loud,True
Tommy Richman,DEVIL IS A LIE,DEVIL IS A LIE,spotify:track:6jlG8gBPNAgBgoivw2Ig09,tommy richman - devil is a lie,True
SZA,SOS,Notice Me,spotify:track:4fnNBPN9W6AoOYSQS3FJxT,sza - notice me,True
Ariana Grande,boyfriend,boyfriend (with Social House),spotify:track:0Ryd8975WihbObpp5cPW1t,ariana grande - boyfriend (with social house),True
Rihanna,ANTI,Sex With Me,spotify:track:7BiELrM90hRxpozaIXbsLw,rihanna - sex with me,True
Olivia Rodrigo,SOUR,"jealousy, jealousy",spotify:track:0MMyJUC3WNnFS1lit5pTjk,"olivia rodrigo - jealousy, jealousy",True
Chase Atlantic,MAMACITA,MAMACITA,spotify:track:4cQAhjxynTUlhVUJN5yhUb,chase atlantic - mamacita,True
Josh Levi,HYDRAULIC,BIRTHDAY DANCE (BONUS),spotify:track:7Bhwq9N1SH4SysU9wPKUG9,josh levi - birthday dance (bonus),True
Ariana Grande,Positions,pov,spotify:track:3UoULw70kMsiVXxW0L3A33,ariana grande - pov,True
HUNTR/X,KPop Demon Hunters,What It Sounds Like,spotify:track:5sBDrrtLGbV64QJnEqfjer,huntr/x - what it sounds like,True
Reneé Rapp,BITE ME,I Think I Like You Better When You’re Gone,spotify:track:3hBzKgqQKkChH9hyb3MhmT,reneé rapp - i think i like you better when you’re gone,True
Sabrina Carpenter,Short n' Sweet,Taste,spotify:track:5G2f63n7IPVPPjfNIGih7Q,sabrina carpenter - taste,True
Rae Sremmurd,SremmLife,Come Get Her,spotify:track:1Ser4X0TKttOvo8bgdytTP,rae sremmurd - come get her,True
Sauti Sol,Afrikan Sauce,Short N Sweet,spotify:track:2w5PGaVT7qQmN7pdBIwkF9,sauti sol - short n sweet,True
Ariana Grande,My Everything,Best Mistake,spotify:track:3uDFCbWt1T19sz8zhBuaUc,ariana grande - best mistake,True
Limi,The Best I Ever Had,The Best I Ever Had,spotify:track:6oGX4FjHakC4BTq89lCLiP,limi - the best i ever had,True
Amaarae,SAD GIRLZ LUV MONEY Remix (feat. Kali Uchis and Moliy),SAD GIRLZ LUV MONEY Remix (feat. Kali Uchis and Moliy),spotify:track:09gysnJpfQ3ublBmJDfcEC,amaarae - sad girlz luv money remix (feat. kali uchis and moliy),True
BTS,ARIRANG,NORMAL,spotify:track:4B4Q7zfd0aHcuhQBfCRnH5,bts - normal,True
JORDY,NICE THINGS,NICE THINGS,spotify:track:7jrsGh0RM0vR3fyvFK1u2o,jordy - nice things,True
Queen Darleen,Kijuso (feat. Rayvanny),Kijuso (feat. Rayvanny),spotify:track:3F5TuE0tqB8l9CHoPkcxd0,queen darleen - kijuso (feat. rayvanny),True
Rayvanny,Number One (feat. Zuchu),Number One (feat. Zuchu),spotify:track:3E3aGiIEpAtuVD0wPjDSsi,rayvanny - number one (feat. zuchu),True
Dhruv,rapunzel,airplane thoughts,spotify:track:4t5joZkdlXlvzLXJbkgppJ,dhruv - airplane thoughts,True
GIVĒON,TAKE TIME,Heartbreak Anniversary,spotify:track:3FAJ6O0NOHQV8Mc5Ri6ENp,givēon - heartbreak anniversary,True
DJ Rd da Dz7,Unforgettable,Unforgettable,spotify:track:7shhhOB4tQpRF3WMcUHgcd,dj rd da dz7 - unforgettable,True
Khalid,Suncity,Better,spotify:track:6zeeWid2sgw4lap2jV61PZ,khalid - better,True
Jung Kook,Still With You,Still With You,spotify:track:0eFMbKCRw8KByXyWBw8WO7,jung kook - still with you,True
Doja Cat,Hot Pink,Juicy,spotify:track:7f5trao56t7sB7f14QDTmp,doja cat - juicy,True
JISOO,EYES CLOSED (with ZAYN),EYES CLOSED (with ZAYN),spotify:track:4WFfPxJv1KRekG6mxn837K,jisoo - eyes closed (with zayn),True
Celina Sharma,24/7,24/7,spotify:track:5zJH0lhyVBHi2hLPnPJNCY,celina sharma - 24/7,True
Babyboy AV,Confession,Confession,spotify:track:7IAzRTQQz6Aoywj0R1Qce5,babyboy av - confession,True
Rayvanny,Mbeleko,Mbeleko,spotify:track:6hKajy6jrwYuz8IpFh9cAi,rayvanny - mbeleko,True
Cardi B,AM I THE DRAMA?,Please Me,spotify:track:1Ydy1j4ooUkDvQYSvwxjoy,cardi b - please me,True
Fly Boi Keno,Yike Train,Yike Train,spotify:track:3e7yQkzP852ss63k3LUrWe,fly boi keno - yike train,True
Katherine Li,"love, k","Fell First, Fell Hard",spotify:track:08fntx0dB3xhB1zZ7dtYcP,"katherine li - fell first, fell hard",True
HUNTR/X,KPop Demon Hunters,Golden,spotify:track:1CPZ5BxNNd0n0nF4Orb9JS,huntr/x - golden,True
Saja Boys,KPop Demon Hunters,Your Idol,spotify:track:1I37Zz2g3hk9eWxaNkj031,saja boys - your idol,True
Chase Atlantic,Paradise - EP,Slow Down,spotify:track:2VyaGJJI8dOiv36F8vHZIL,chase atlantic - slow down,True
Ariana Grande,Yours Truly,Baby I,spotify:track:6NmCCgnQcxKHPOAKgd9Nth,ariana grande - baby i,True
HUNTR/X,Golden,Golden - Acapella,spotify:track:3RUVLIRUNA3KHLt8pd8PL6,huntr/x - golden - acapella,True
LNGSHOT,SHOT CALLERS,Moonwalkin',spotify:track:46V2ciN6F5bxjQWityNhkY,lngshot - moonwalkin',True
Ariana Grande,"thank u, next",bloodline,spotify:track:2hloaUoRonYssMuqLCBLTX,ariana grande - bloodline,True
D4M $loan,I Couldn't Decide,Sex Talk,spotify:track:0X2eq8W4o9qLoOAMil6Hce,d4m $loan - sex talk,True
Roberto,Ama-Rulah (17:12),Ama-Rulah,spotify:track:7eaBubQrTkzcIksYBYspeC,roberto - ama-rulah,True
Summer Walker,Last Day Of Summer,Girls Need Love (with Drake) - Remix,spotify:track:14SaZBTjxlorHJQxXh01Hu,summer walker - girls need love (with drake) - remix,True
Ne-Yo,Year Of The Gentleman,Miss Independent,spotify:track:34ceTg8ChN5HjrqiIYCn9Q,ne-yo - miss independent,True
Ella Mai,Heart On My Sleeve,This Is,spotify:track:3pdUv2fviypOdl1PTHDunH,ella mai - this is,True
Dua Lipa,Hot Hits,Break My Heart,spotify:track:1XGDOYH6eW8H6sWYUaGJOg,dua lipa - break my heart,True
NIKI,Nicole,Take A Chance With Me,spotify:track:21acb66djKRlDPJOXRBCkc,niki - take a chance with me,True
Sauti Sol,Live and Die in Afrika,Sura Yako,spotify:track:5Rwldwsglce8prKAoS6Osw,sauti sol - sura yako,True
Ariana Grande,Stuck with U,Stuck with U (with Justin Bieber),spotify:track:4HBZA5flZLE435QTztThqH,ariana grande - stuck with u (with justin bieber),True
Saja Boys,KPop Demon Hunters,Soda Pop,spotify:track:02sy7FAs8dkDNYsHp4Ul3f,saja boys - soda pop,True
Ariana Grande,eternal sunshine,supernatural,spotify:track:142PiXzA84lmEw2RstFHFa,ariana grande - supernatural,True
Ebony Riley,Only You,Only You,spotify:track:4w3MvMb3ylHkBLUIIaCQzF,ebony riley - only you,True
Flo Milli,Flo Jackson,Flo Jackson,spotify:track:4fwJzG3arwvfC1ZbRdracJ,flo milli - flo jackson,True
Chris Grey,US AGAINST THE WORLD,US AGAINST THE WORLD,spotify:track:3aBZqqx8ghkjUooKzROEkl,chris grey - us against the world,True
Russ,3:15 (Breathe),3:15 (Breathe),spotify:track:0dGqP4VickYjtIaB5VOt4H,russ - 3:15 (breathe),True
BTS,Love Yourself 結 'Answer',Euphoria,spotify:track:5YMXGBD6vcYP7IolemyLtK,bts - euphoria,True
Loye,Lef And Right,Lef And Right,spotify:track:5tGBv72RjqxXIuI89aXpea,loye - lef and right,True
Daniel Di Angelo,Tap Out,Tap Out,spotify:track:6YgSgbwBOGFtbbsX8BKhbN,daniel di angelo - tap out,True
The Neighbourhood,I Love You.,Sweater Weather,spotify:track:2QjOHCTQ1Jl3zawyYOpxh6,the neighbourhood - sweater weather,True
Taylor Swift,Lover,Paper Rings,spotify:track:4y5bvROuBDPr5fuwXbIBZR,taylor swift - paper rings,True
Dully Sykes,Inde,Inde,spotify:track:2N0TsT6Y7Jt8nBGUA7AEms,dully sykes - inde,True
Ariana Grande,Dangerous Woman,Everyday,spotify:track:30TmLgK0ja5O8q9l4BShIX,ariana grande - everyday,True
Chase Atlantic,Chase Atlantic,Swim,spotify:track:3M0lSi5WW79CXQamgSBIjx,chase atlantic - swim,True
Bazzi,Beautiful (feat. Camila Cabello),Beautiful (feat. Camila Cabello),spotify:track:4VUwkH455At9kENOfzTqmF,bazzi - beautiful (feat. camila cabello),True
IMPACT Boston Band,Locked Out of Heaven,Locked Out of Heaven,spotify:track:1GfBYE3TNb0V1GYaQ6Iifd,impact boston band - locked out of heaven,True
DJ Snake,Encore,Let Me Love You,spotify:track:0lYBSQXN6rCTvUZvg9S0lU,dj snake - let me love you,True
LNGSHOT,SHOT CALLERS,Never Let Go,spotify:track:37xebnhvUyM8VyyDDeo65d,lngshot - never let go,True
Chris Grey,FUNHOUSE / WRONG,WRONG,spotify:track:3htoQPC7v5x04gWCQz1y2S,chris grey - wrong,True
Kat Dahlia,My Garden,I Think I'm In Love,spotify:track:3U1TuSqHIubBA10cVP7Sk6,kat dahlia - i think i'm in love,True
BTS,MAP OF THE SOUL : 7,My Time,spotify:track:0YJFlxeHMUr9MxSDQVuQJA,bts - my time,True
Vib3,Remedy,Remedy,spotify:track:3Du8Xmww6pJj48L47RJNfF,vib3 - remedy,True
LPB Poody,Batman,Batman,spotify:track:7fL8dLyXc7GQVRCN54IWOw,lpb poody - batman,True
Harmonize,Made For Us,Wote,spotify:track:7vYxNbbyISaUiZ3Q5wkGFG,harmonize - wote,True
dopuu,american wedding (Hotel California),american wedding (Hotel California),spotify:track:4MWk55HpGESQdvthbGhMhF,dopuu - american wedding (hotel california),True
Zuchu,I Am Zuchu,Wana,spotify:track:7ufIM6YIiXioquJDmBnnrP,zuchu - wana,True
Chase Atlantic,PHASES,PHASES,spotify:track:20C3wlDfoJjXO5RBpXp3py,chase atlantic - phases,True
Sean Paul,(When You Gonna) Give It Up to Me,(When You Gonna) Give It Up to Me - Radio Version,spotify:track:5nEdwtSv0qqeE0l4o1lR4q,sean paul - (when you gonna) give it up to me - radio version,True
Ariana Grande,eternal sunshine deluxe: brighter days ahead,past life,spotify:track:2Im5a2GdRF1QIUUNqnloX4,ariana grande - past life,True
Lauren Spencer Smith,Mirror,That Part,spotify:track:7ggnnK9KC8ZKhahPdnY0c3,lauren spencer smith - that part,True
Nyashinski,Malaika,Malaika,spotify:track:1JxCzcKgdKeGITvisTRzLh,nyashinski - malaika,True
JP Saxe,If the World Was Ending (feat. Julia Michaels),If the World Was Ending (feat. Julia Michaels),spotify:track:2kJwzbxV2ppxnQoYw4GLBZ,jp saxe - if the world was ending (feat. julia michaels),True
SWIM,Eyes On You,Eyes On You,spotify:track:2ezF8mcfJ6CEkxbzgzkApX,swim - eyes on you,True
TOMORROW X TOGETHER,The Name Chapter: TEMPTATION,Tinnitus (Wanna be a rock),spotify:track:0f0SbtoKGe41cX5LzlnX6X,tomorrow x together - tinnitus (wanna be a rock),True
James Arthur,Back from the Edge,Train Wreck,spotify:track:55Am8neGJkdj2ADaM3aw5H,james arthur - train wreck,True
Chase Atlantic,LOST IN HEAVEN,DISCONNECTED,spotify:track:2KemQ0cHDFOV2nbMVMC0UG,chase atlantic - disconnected,True
Nandy,The African Princess,Kivuruge,spotify:track:0MklPQIab8cg2TCyS0sPBd,nandy - kivuruge,True
PARTYNEXTDOOR,PARTYNEXTDOOR 4 (P4),N o C h i l l,spotify:track:1zhMHgotgZXkLCXpqNRnPK,partynextdoor - n o c h i l l,True
Gracie Abrams,The Secret of Us,That’s So True,spotify:track:7ne4VBA60CxGM75vw0EYad,gracie abrams - that’s so true,True
Jordan Adetunji,KEHLANI (REMIX) [feat. Kehlani],KEHLANI (REMIX) [feat. Kehlani],spotify:track:5Nt2FMqnKI2mlp7lztURNo,jordan adetunji - kehlani (remix) [feat. kehlani],True
Joe Kay,"If Not Now, Then When?",Frontin & Crushin (with Arin Ray & Blackway),spotify:track:5SlJKOCunYf4HIkktFBr0M,joe kay - frontin & crushin (with arin ray & blackway),True
BIBI,EVE: ROMANCE,Scott and Zelda,spotify:track:1MJyiTlVdSLAjI9aclZ3hL,bibi - scott and zelda,True
(((()))),Novacane - 8D Audio,Novacane - 8D Audio,spotify:track:60fZdIqvDlF3izojZ7EEby,(((()))) - novacane - 8d audio,True
Paris Paloma,LABOUR,LABOUR - the cacophony,spotify:track:4B0cJGASxVICLW2AsBZhiE,paris paloma - labour - the cacophony,True
Jordyne,Like A Drug,Like A Drug,spotify:track:4tIlbIewHnvQ4cmFCyxvHy,jordyne - like a drug,True
Troye Sivan,"Music Is Universal: Young, Wild, And Pride",Strawberries & Cigarettes,spotify:track:06acGBQs64u4sKB7FfG9cY,troye sivan - strawberries & cigarettes,True
Brandy,90's UK Hits,The Boy Is Mine - Radio Edit,spotify:track:096zD36d0mf7M9GYF3SVrU,brandy - the boy is mine - radio edit,True
AMARIA BB,Slow Motion,Slow Motion,spotify:track:2pN5GwdTWbFZNRgFIRlW7J,amaria bb - slow motion,True
Alex Isley,Marigold,Love Again,spotify:track:6ZwNOYjJ06J77YF1ggXtaT,alex isley - love again,True
Kendrick Lamar,GNX,luther (with sza),spotify:track:2CGNAOSuO1MEFCbBRgUzjd,kendrick lamar - luther (with sza),True
Tobii,Bad Girls Like You,Bad Girls Like You,spotify:track:23EDUpNbiKcDwhUf9kBRo8,tobii - bad girls like you,True
MAX,LOVE IN STEREO,STUPID IN LOVE (feat. HUH YUNJIN of LE SSERAFIM),spotify:track:3W2kGv8CcwRl2MWQN5vxKL,max - stupid in love (feat. huh yunjin of le sserafim),True
Ariana Grande,Sweetener,sweetener,spotify:track:70khXICDeTTxgYtw3EysKH,ariana grande - sweetener,True
H33RA,SHOOK,SHOOK,spotify:track:0wdSmyHGxoNaJmLENqcaUj,h33ra - shook,True
Jung Kook,GOLDEN,Yes or No,spotify:track:2gkVEnpahpE3bQuvGuCpAV,jung kook - yes or no,True
Ariana Grande,Dangerous Woman,Side To Side,spotify:track:44ONERBHALxftQNWq6dmyd,ariana grande - side to side,True
LonelyEve,Reminder,Reminder - Sped Up,spotify:track:4taJESgkwXfoskqDJXcpVu,lonelyeve - reminder - sped up,True
ELIO,ELIO and Friends : The Remixes,hurts 2 hate somebody (with Chase Atlantic & No Rome),spotify:track:6Uq1BN8HXOB6jhrtp8ssZZ,elio - hurts 2 hate somebody (with chase atlantic & no rome),True
Maroon 5,Singles,Payphone,spotify:track:1Yg5ZRctvs3yj5EDUJVsVh,maroon 5 - payphone,True
Naïka,"Lost in Paradïse, Pt. 2",Ma Chérie,spotify:track:4ZXyPNr79hrUoPWNXXRhQB,naïka - ma chérie,True
Rayvanny,Chombo,Chombo,spotify:track:5LCmGAGWZlVnu6V5ym3AlK,rayvanny - chombo,True
Keenan Te,Fingerprints,Fingerprints,spotify:track:4kAlUfeHA7oxVKPs823Goj,keenan te - fingerprints,True
PARTYNEXTDOOR,PARTYNEXTDOOR 4 (P4),F o r C e r t a i n,spotify:track:2d93r7U06Wx7uJfU2q9Nza,partynextdoor - f o r c e r t a i n,True
Rihanna,Unapologetic,Loveeeeeee Song,spotify:track:5Mk1tgVrSuoWWwPVFNS0jB,rihanna - loveeeeeee song,True
Ariana Grande,Positions,west side,spotify:track:1whfVLMKWqAX3uk97VXsNN,ariana grande - west side,True
WizTheMc,Show Me Love,Show Me Love,spotify:track:5ITV0zqzjOYfFWpW0xBmRa,wizthemc - show me love,True
zandros,need to know,need to know,spotify:track:5Cw6hiPWth7Z5lr8qeCgDS,zandros - need to know,True
dYL,I Love IT Gospel Choir Version,Thong Song Motown - Choir Christmas Version,spotify:track:6UwwgeJA8JQGX4JxbrMYsO,dyl - thong song motown - choir christmas version,True
H.E.R.,Back of My Mind,Come Through (feat. Chris Brown),spotify:track:29he0Joo5sz2607A6ZBT6H,h.e.r. - come through (feat. chris brown),True
USHER,Hey Daddy (Daddy's Home) (feat. Plies),Hey Daddy (Daddy's Home) (feat. Plies),spotify:track:1kLYMOFEzQX9PgdKB7VkSL,usher - hey daddy (daddy's home) (feat. plies),True
Sabrina Carpenter,Manchild,Manchild,spotify:track:42UBPzRMh5yyz0EDPr6fr1,sabrina carpenter - manchild,True
Bruno Mars,The Romantic,Cha Cha Cha,spotify:track:6QletrrmpkUpeJkipX9pgf,bruno mars - cha cha cha,True
Sowan,She Got Me,She Got Me,spotify:track:28Qkb7jJQJUY6PBBjzHwzN,sowan - she got me,True
Ariana Grande,"thank u, next",needy,spotify:track:1TEL6MlSSVLSdhOSddidlJ,ariana grande - needy,True
James Arthur,YOU,Empty Space,spotify:track:6GFfDRG1Sff3IZaD0TYro4,james arthur - empty space,True
SWIM,Body Loud,Body Loud,spotify:track:1dKyceHSpbmHEghVvhTrfo,swim - body loud,True
ENHYPEN,ORANGE BLOOD,Sweet Venom,spotify:track:2YmfV4lAjrAQvuggKCUX6m,enhypen - sweet venom,True
Tory Lanez,I Told You,Say It,spotify:track:2Gyc6e2cLxA5hoX1NOvYnU,tory lanez - say it,True
